{
  "UP" : {
    "0,0" : {
      "C6:40:D6:9C:59:7E" : -72.14,
      "D6:2E:C2:40:FD:03" : -77.02666666666667,
      "DB:A8:FF:3E:95:79" : -79.65333333333334,
      "DD:BC:33:F9:EE:56" : -77,
      "E8:D4:18:0D:DB:37" : -82.27333333333333,
      "EF:F7:2A:DC:14:03" : -81.38,
      "F7:8B:72:B7:42:C4" : -75.66,
      "FC:02:5B:0D:05:60" : -80.94666666666667,
      "WIFI" : -43.46666666666667
    },
    "0,1" : {
      "C6:40:D6:9C:59:7E" : -64.44,
      "D6:2E:C2:40:FD:03" : -78.30666666666667,
      "DB:A8:FF:3E:95:79" : -80.8,
      "DD:BC:33:F9:EE:56" : -72.54,
      "E8:D4:18:0D:DB:37" : -79.76666666666667,
      "EF:F7:2A:DC:14:03" : -85.25333333333333,
      "F7:8B:72:B7:42:C4" : -79.3,
      "FC:02:5B:0D:05:60" : -80.94,
      "WIFI" : -44.76
    },
    "0,2" : {
      "C6:40:D6:9C:59:7E" : -59.81333333333333,
      "D6:2E:C2:40:FD:03" : -75.57333333333334,
      "DB:A8:FF:3E:95:79" : -78.81333333333333,
      "DD:BC:33:F9:EE:56" : -69.65333333333334,
      "E8:D4:18:0D:DB:37" : -77.66,
      "EF:F7:2A:DC:14:03" : -72.84666666666666,
      "F7:8B:72:B7:42:C4" : -80.64666666666666,
      "FC:02:5B:0D:05:60" : -79.42,
      "WIFI" : -38
    },
    "0,3" : {
      "C6:40:D6:9C:59:7E" : -60.88,
      "D6:2E:C2:40:FD:03" : -81.59333333333333,
      "DB:A8:FF:3E:95:79" : -81.18666666666667,
      "DD:BC:33:F9:EE:56" : -74.64,
      "E8:D4:18:0D:DB:37" : -82.89333333333333,
      "EF:F7:2A:DC:14:03" : -76.16,
      "F7:8B:72:B7:42:C4" : -78.04,
      "FC:02:5B:0D:05:60" : -76.7,
      "WIFI" : -31.046666666666667
    },
    "0,4" : {
      "C6:40:D6:9C:59:7E" : -69.12,
      "D6:2E:C2:40:FD:03" : -80.12666666666667,
      "DB:A8:FF:3E:95:79" : -81.88,
      "DD:BC:33:F9:EE:56" : -76.18,
      "E8:D4:18:0D:DB:37" : -82.14,
      "EF:F7:2A:DC:14:03" : -77.07333333333334,
      "F7:8B:72:B7:42:C4" : -78.92,
      "FC:02:5B:0D:05:60" : -79.32666666666667,
      "WIFI" : -42.46
    },
    "1,0" : {
      "C6:40:D6:9C:59:7E" : -69.82666666666667,
      "D6:2E:C2:40:FD:03" : -82.83333333333333,
      "DB:A8:FF:3E:95:79" : -82.59333333333333,
      "DD:BC:33:F9:EE:56" : -76.58,
      "E8:D4:18:0D:DB:37" : -80.87333333333333,
      "EF:F7:2A:DC:14:03" : -80.44666666666667,
      "F7:8B:72:B7:42:C4" : -74.40666666666667,
      "FC:02:5B:0D:05:60" : -71.85333333333334,
      "WIFI" : -47.5
    },
    "1,1" : {
      "C6:40:D6:9C:59:7E" : -68.89333333333333,
      "D6:2E:C2:40:FD:03" : -78.96666666666667,
      "DB:A8:FF:3E:95:79" : -81.66666666666667,
      "DD:BC:33:F9:EE:56" : -73.05333333333333,
      "E8:D4:18:0D:DB:37" : -82.51333333333334,
      "EF:F7:2A:DC:14:03" : -75.01333333333334,
      "F7:8B:72:B7:42:C4" : -78.14,
      "FC:02:5B:0D:05:60" : -77.93333333333334,
      "WIFI" : -41.413333333333334
    },
    "1,2" : {
      "C6:40:D6:9C:59:7E" : -66.69333333333333,
      "D6:2E:C2:40:FD:03" : -82.66,
      "DB:A8:FF:3E:95:79" : -81.39333333333333,
      "DD:BC:33:F9:EE:56" : -74.5,
      "E8:D4:18:0D:DB:37" : -85.89333333333333,
      "EF:F7:2A:DC:14:03" : -73.54,
      "F7:8B:72:B7:42:C4" : -75.50666666666666,
      "FC:02:5B:0D:05:60" : -78.08666666666667,
      "WIFI" : -39.906666666666666
    },
    "1,3" : {
      "C6:40:D6:9C:59:7E" : -62.74,
      "D6:2E:C2:40:FD:03" : -78.02,
      "DB:A8:FF:3E:95:79" : -77.84666666666666,
      "DD:BC:33:F9:EE:56" : -77.01333333333334,
      "E8:D4:18:0D:DB:37" : -84.00666666666666,
      "EF:F7:2A:DC:14:03" : -79.07333333333334,
      "F7:8B:72:B7:42:C4" : -76.24666666666667,
      "FC:02:5B:0D:05:60" : -76.18,
      "WIFI" : -46.00666666666667
    },
    "1,4" : {
      "C6:40:D6:9C:59:7E" : -70.33333333333333,
      "D6:2E:C2:40:FD:03" : -82.18666666666667,
      "DB:A8:FF:3E:95:79" : -80.94,
      "DD:BC:33:F9:EE:56" : -69.88666666666667,
      "E8:D4:18:0D:DB:37" : -78.3,
      "EF:F7:2A:DC:14:03" : -78.74,
      "F7:8B:72:B7:42:C4" : -77.98666666666666,
      "FC:02:5B:0D:05:60" : -78.98,
      "WIFI" : -41.50666666666667
    },
    "2,0" : {
      "C6:40:D6:9C:59:7E" : -75.68,
      "D6:2E:C2:40:FD:03" : -83.06666666666666,
      "DB:A8:FF:3E:95:79" : -84.33333333333333,
      "DD:BC:33:F9:EE:56" : -78.17333333333333,
      "E8:D4:18:0D:DB:37" : -82.29333333333334,
      "EF:F7:2A:DC:14:03" : -77.99333333333334,
      "F7:8B:72:B7:42:C4" : -77.97333333333333,
      "FC:02:5B:0D:05:60" : -81.48,
      "WIFI" : -46.413333333333334
    },
    "2,1" : {
      "C6:40:D6:9C:59:7E" : -69.32,
      "D6:2E:C2:40:FD:03" : -79.56,
      "DB:A8:FF:3E:95:79" : -78.07333333333334,
      "DD:BC:33:F9:EE:56" : -78.41333333333333,
      "E8:D4:18:0D:DB:37" : -81.68666666666667,
      "EF:F7:2A:DC:14:03" : -75.12666666666667,
      "F7:8B:72:B7:42:C4" : -75.05333333333333,
      "FC:02:5B:0D:05:60" : -77.98666666666666,
      "WIFI" : -44.71333333333333
    },
    "2,2" : {
      "C6:40:D6:9C:59:7E" : -71.28,
      "D6:2E:C2:40:FD:03" : -81.1,
      "DB:A8:FF:3E:95:79" : -78.66,
      "DD:BC:33:F9:EE:56" : -75.37333333333333,
      "E8:D4:18:0D:DB:37" : -81.09333333333333,
      "EF:F7:2A:DC:14:03" : -76.94,
      "F7:8B:72:B7:42:C4" : -74.84666666666666,
      "FC:02:5B:0D:05:60" : -75.36666666666666,
      "WIFI" : -42.17333333333333
    },
    "2,3" : {
      "C6:40:D6:9C:59:7E" : -71.80666666666667,
      "D6:2E:C2:40:FD:03" : -82.2,
      "DB:A8:FF:3E:95:79" : -81.4,
      "DD:BC:33:F9:EE:56" : -68.74,
      "E8:D4:18:0D:DB:37" : -81.10666666666667,
      "EF:F7:2A:DC:14:03" : -78.26666666666667,
      "F7:8B:72:B7:42:C4" : -73.96666666666667,
      "FC:02:5B:0D:05:60" : -74.34,
      "WIFI" : -42.98
    },
    "2,4" : {
      "C6:40:D6:9C:59:7E" : -70.04,
      "D6:2E:C2:40:FD:03" : -82.48666666666666,
      "DB:A8:FF:3E:95:79" : -86.06666666666666,
      "DD:BC:33:F9:EE:56" : -64.87333333333333,
      "E8:D4:18:0D:DB:37" : -80.30666666666667,
      "EF:F7:2A:DC:14:03" : -76.2,
      "F7:8B:72:B7:42:C4" : -76.66666666666667,
      "FC:02:5B:0D:05:60" : -77.5,
      "WIFI" : -42.3
    },
    "3,0" : {
      "C6:40:D6:9C:59:7E" : -68.52666666666667,
      "D6:2E:C2:40:FD:03" : -76.1,
      "DB:A8:FF:3E:95:79" : -79.21333333333334,
      "DD:BC:33:F9:EE:56" : -73.82666666666667,
      "E8:D4:18:0D:DB:37" : -74.12666666666667,
      "EF:F7:2A:DC:14:03" : -73.96,
      "F7:8B:72:B7:42:C4" : -81.50666666666666,
      "FC:02:5B:0D:05:60" : -71.56666666666666,
      "WIFI" : -47.34
    },
    "3,1" : {
      "C6:40:D6:9C:59:7E" : -76.31333333333333,
      "D6:2E:C2:40:FD:03" : -80.26,
      "DB:A8:FF:3E:95:79" : -74.99333333333334,
      "DD:BC:33:F9:EE:56" : -81.36,
      "E8:D4:18:0D:DB:37" : -76.09333333333333,
      "EF:F7:2A:DC:14:03" : -76.05333333333333,
      "F7:8B:72:B7:42:C4" : -78.1,
      "FC:02:5B:0D:05:60" : -71.73333333333333,
      "WIFI" : -45.1
    },
    "3,2" : {
      "C6:40:D6:9C:59:7E" : -67.92,
      "D6:2E:C2:40:FD:03" : -79.8,
      "DB:A8:FF:3E:95:79" : -74.38666666666667,
      "DD:BC:33:F9:EE:56" : -74.03333333333333,
      "E8:D4:18:0D:DB:37" : -78.18,
      "EF:F7:2A:DC:14:03" : -74.52666666666667,
      "F7:8B:72:B7:42:C4" : -76.92,
      "FC:02:5B:0D:05:60" : -80.22666666666667,
      "WIFI" : -48.913333333333334
    },
    "3,3" : {
      "C6:40:D6:9C:59:7E" : -71.55333333333333,
      "D6:2E:C2:40:FD:03" : -78.59333333333333,
      "DB:A8:FF:3E:95:79" : -75.68,
      "DD:BC:33:F9:EE:56" : -72.83333333333333,
      "E8:D4:18:0D:DB:37" : -75.71333333333334,
      "EF:F7:2A:DC:14:03" : -75.73333333333333,
      "F7:8B:72:B7:42:C4" : -78.59333333333333,
      "FC:02:5B:0D:05:60" : -75.8,
      "WIFI" : -48.78666666666667
    },
    "3,4" : {
      "C6:40:D6:9C:59:7E" : -75.54666666666667,
      "D6:2E:C2:40:FD:03" : -77.79333333333334,
      "DB:A8:FF:3E:95:79" : -79.40666666666667,
      "DD:BC:33:F9:EE:56" : -67.62,
      "E8:D4:18:0D:DB:37" : -78.56,
      "EF:F7:2A:DC:14:03" : -75.94,
      "F7:8B:72:B7:42:C4" : -78.9,
      "FC:02:5B:0D:05:60" : -77.57333333333334,
      "WIFI" : -48.56
    },
    "4,0" : {
      "C6:40:D6:9C:59:7E" : -74.21333333333334,