{
  "DOWN" : {
    "0,0" : {
      "C6:40:D6:9C:59:7E" : -67.68666666666667,
      "DB:A8:FF:3E:95:79" : -45.1,
      "FC:02:5B:0D:05:60" : -72.1,
      "WIFI" : -54.093333333333334
    },
    "0,1" : {
      "C6:40:D6:9C:59:7E" : -68.9,
      "DB:A8:FF:3E:95:79" : -49.04,
      "FC:02:5B:0D:05:60" : -66.7,
      "WIFI" : -49.873333333333335
    },
    "0,2" : {
      "C6:40:D6:9C:59:7E" : -67.00666666666666,
      "DB:A8:FF:3E:95:79" : -56.486666666666665,
      "FC:02:5B:0D:05:60" : -67.08,
      "WIFI" : -55.12
    },
    "0,3" : {
      "C6:40:D6:9C:59:7E" : -68.67333333333333,
      "DB:A8:FF:3E:95:79" : -65.48,
      "FC:02:5B:0D:05:60" : -71.71333333333334,
      "WIFI" : -55.86
    },
    "1,0" : {
      "C6:40:D6:9C:59:7E" : -67.84666666666666,
      "DB:A8:FF:3E:95:79" : -53.54,
      "FC:02:5B:0D:05:60" : -69.55333333333333,
      "WIFI" : -52.03333333333333
    },
    "1,1" : {
      "C6:40:D6:9C:59:7E" : -65.98666666666666,
      "DB:A8:FF:3E:95:79" : -59.153333333333336,
      "FC:02:5B:0D:05:60" : -74.21333333333334,
      "WIFI" : -51.346666666666664
    },
    "1,2" : {
      "C6:40:D6:9C:59:7E" : -70.09333333333333,
      "DB:A8:FF:3E:95:79" : -57.766666666666666,
      "FC:02:5B:0D:05:60" : -67.18666666666667,
      "WIFI" : -51.99333333333333
    },
    "1,3" : {
      "C6:40:D6:9C:59:7E" : -66.24,
      "DB:A8:FF:3E:95:79" : -63.53333333333333,
      "FC:02:5B:0D:05:60" : -57.79333333333334,
      "WIFI" : -55.07333333333333
    },
    "2,0" : {
      "C6:40:D6:9C:59:7E" : -64.63333333333334,
      "DB:A8:FF:3E:95:79" : -62.61333333333334,
      "FC:02:5B:0D:05:60" : -73.72666666666667,
      "WIFI" : -54.75333333333333
    },
    "2,1" : {
      "C6:40:D6:9C:59:7E" : -69.52666666666667,
      "DB:A8:FF:3E:95:79" : -59.6,
      "FC:02:5B:0D:05:60" : -70.92,
      "WIFI" : -57.973333333333336
    },
    "2,2" : {
      "C6:40:D6:9C:59:7E" : -61.68,
      "DB:A8:FF:3E:95:79" : -60.92666666666667,
      "FC:02:5B:0D:05:60" : -66.06666666666666,
      "WIFI" : -51.11333333333334
    },
    "2,3" : {
      "C6:40:D6:9C:59:7E" : -65.56666666666666,
      "DB:A8:FF:3E:95:79" : -62.99333333333333,
      "FC:02:5B:0D:05:60" : -67.72,
      "WIFI" : -60.553333333333335
    },
    "3,0" : {
      "C6:40:D6:9C:59:7E" : -69.32666666666667,
      "DB:A8:FF:3E:95:79" : -62.99333333333333,
      "FC:02:5B:0D:05:60" : -72.88666666666667,
      "WIFI" : -49.92666666666667
    },
    "3,1" : {
      "C6:40:D6:9C:59:7E" : -68.88666666666667,
      "DB:A8:FF:3E:95:79" : -59.06,
      "FC:02:5B:0D:05:60" : -68.24,
      "WIFI" : -51.78666666666667
    },
    "3,2" : {
      "C6:40:D6:9C:59:7E" : -60.373333333333335,
      "DB:A8:FF:3E:95:79" : -67.20666666666666,
      "FC:02:5B:0D:05:60" : -67.84,
      "WIFI" : -54.666666666666664
    },
    "3,3" : {
      "C6:40:D6:9C:59:7E" : -62.5,
      "DB:A8:FF:3E:95:79" : -64.08666666666667,
      "FC:02:5B:0D:05:60" : -67.63333333333334,
      "WIFI" : -58.32
    },
    "4,0" : {
      "C6:40:D6:9C:59:7E" : -70.34666666666666,
      "DB:A8:FF:3E:95:79" : -62.57333333333333,
      "FC:02:5B:0D:05:60" : -72.86666666666666,
      "WIFI" : -48.626666666666665
    },
    "4,1" : {
      "C6:40:D6:9C:59:7E" : -70.3,
      "DB:A8:FF:3E:95:79" : -66.01333333333334,
      "FC:02:5B:0D:05:60" : -68.72,
      "WIFI" : -53.79333333333334
    },
    "4,2" : {
      "C6:40:D6:9C:59:7E" : -58.14666666666667,
      "DB:A8:FF:3E:95:79" : -65.12,
      "FC:02:5B:0D:05:60" : -68.36666666666666,
      "WIFI" : -55.53333333333333
    },
    "4,3" : {
      "C6:40:D6:9C:59:7E" : -46.07333333333333,
      "DB:A8:FF:3E:95:79" : -65.68666666666667,
      "FC:02:5B:0D:05:60" : -69.34,
      "WIFI" : -56.413333333333334
    }
  },
  "LEFT" : {
    "0,0" : {
      "C6:40:D6:9C:59:7E" : -66.71333333333334,
      "DB:A8:FF:3E:95:79" : -55.733333333333334,
      "FC:02:5B:0D:05:60" : -68.12666666666667,
      "WIFI" : -59.10666666666667
    },
    "0,1" : {
      "C6:40:D6:9C:59:7E" : -62.126666666666665,
      "DB:A8:FF:3E:95:79" : -49.03333333333333,
      "FC:02:5B:0D:05:60" : -69.10666666666667,
      "WIFI" : -58.71333333333333
    },
    "0,2" : {
      "C6:40:D6:9C:59:7E" : -72.08666666666667,
      "DB:A8:FF:3E:95:79" : -59.28666666666667,
      "FC:02:5B:0D:05:60" : -62.766666666666666,
      "WIFI" : -59.693333333333335
    },
    "0,3" : {
      "C6:40:D6:9C:59:7E" : -71.60666666666667,
      "DB:A8:FF:3E:95:79" : -66.93333333333334,
      "FC:02:5B:0D:05:60" : -71.49333333333334,
      "WIFI" : -56.62
    },
    "1,0" : {
      "C6:40:D6:9C:59:7E" : -66.83333333333333,
      "DB:A8:FF:3E:95:79" : -53.27333333333333,
      "FC:02:5B:0D:05:60" : -66.14666666666666,
      "WIFI" : -50.3
    },
    "1,1" : {
      "C6:40:D6:9C:59:7E" : -65.96,
      "DB:A8:FF:3E:95:79" : -57.126666666666665,
      "FC:02:5B:0D:05:60" : -60.126666666666665,
      "WIFI" : -57.733333333333334
    },
    "1,2" : {
      "C6:40:D6:9C:59:7E" : -70.11333333333333,
      "DB:A8:FF:3E:95:79" : -57.06,
      "FC:02:5B:0D:05:60" : -63.17333333333333,
      "WIFI" : -54.18
    },
    "1,3" : {
      "C6:40:D6:9C:59:7E" : -72.4,
      "DB:A8:FF:3E:95:79" : -65.81333333333333,
      "FC:02:5B:0D:05:60" : -53.18,
      "WIFI" : -57.9
    },
    "2,0" : {
      "C6:40:D6:9C:59:7E" : -60.806666666666665,
      "DB:A8:FF:3E:95:79" : -62.22,
      "FC:02:5B:0D:05:60" : -69.24666666666667,
      "WIFI" : -54.53333333333333
    },
    "2,1" : {
      "C6:40:D6:9C:59:7E" : -60.16,
      "DB:A8:FF:3E:95:79" : -60.96666666666667,
      "FC:02:5B:0D:05:60" : -62.53333333333333,
      "WIFI" : -59.71333333333333
    },
    "2,2" : {
      "C6:40:D6:9C:59:7E" : -70.6,
      "DB:A8:FF:3E:95:79" : -63.126666666666665,
      "FC:02:5B:0D:05:60" : -58.52,
      "WIFI" : -62.06666666666667
    },
    "2,3" : {
      "C6:40:D6:9C:59:7E" : -69.44,
      "DB:A8:FF:3E:95:79" : -65.14666666666666,
      "FC:02:5B:0D:05:60" : -58.053333333333335,
      "WIFI" : -60.63333333333333
    },
    "3,0" : {
      "C6:40:D6:9C:59:7E" : -63.06666666666667,
      "DB:A8:FF:3E:95:79" : -62.66,
      "FC:02:5B:0D:05:60" : -70.1,
      "WIFI" : -45.86666666666667
    },
    "3,1" : {
      "C6:40:D6:9C:59:7E" : -56.64,
      "DB:A8:FF:3E:95:79" : -66.13333333333334,
      "FC:02:5B:0D:05:60" : -65.63333333333334,
      "WIFI" : -53.346666666666664
    },
    "3,2" : {
      "C6:40:D6:9C:59:7E" : -51.93333333333333,
      "DB:A8:FF:3E:95:79" : -68.26,
      "FC:02:5B:0D:05:60" : -64.93333333333334,
      "WIFI" : -55.78
    },
    "3,3" : {
      "C6:40:D6:9C:59:7E" : -67.30666666666667,
      "DB:A8:FF:3E:95:79" : -63.806666666666665,
      "FC:02:5B:0D:05:60" : -65.86,
      "WIFI" : -57.94
    },
    "4,0" : {
      "C6:40:D6:9C:59:7E" : -61.42666666666667,
      "DB:A8:FF:3E:95:79" : -65.1,
      "FC:02:5B:0D:05:60" : -73.10666666666667,
      "WIFI" : -51.36
    },
    "4,1" : {
      "C6:40:D6:9C:59:7E" : -56.71333333333333,
      "DB:A8:FF:3E:95:79" : -68.34666666666666,
      "FC:02:5B:0D:05:60" : -69.84666666666666,
      "WIFI" : -53.16
    },
    "4,2" : {
      "C6:40:D6:9C:59:7E" : -45.16,
      "DB:A8:FF:3E:95:79" : -68.63333333333334,
      "FC:02:5B:0D:05:60" : -64.30666666666667,
      "WIFI" : -55.653333333333336
    },
    "4,3" : {
      "C6:40:D6:9C:59:7E" : -59.833333333333336,
      "DB:A8:FF:3E:95:79" : -67.97333333333333,
      "FC:02:5B:0D:05:60" : -67.85333333333334,
      "WIFI" : -60.63333333333333
    }
  },
  "RIGHT" : {
    "0,0" : {
      "C6:40:D6:9C:59:7E" : -61.88666666666666,
      "DB:A8:FF:3E:95:79" : -60.18666666666667,
      "FC:02:5B:0D:05:60" : -65.56666666666666,
      "WIFI" : -57.9
    },
    "0,1" : {
      "C6:40:D6:9C:59:7E" : -66.9,
      "DB:A8:FF:3E:95:79" : -49.82,
      "FC:02:5B:0D:05:60" : -65.77333333333333,
      "WIFI" : -54.333333333333336
    },
    "0,2" : {
      "C6:40:D6:9C:59:7E" : -66.96,
      "DB:A8:FF:3E:95:79" : -50.03333333333333,
      "FC:02:5B:0D:05:60" : -64.45333333333333,
      "WIFI" : -55.56
    },